filename,width,height,class,xmin,ymin,xmax,ymax
11605157260.93.jpeg,800,600,yellow,224,480,244,524
11605157260.93.jpeg,800,600,yellow,316,480,337,529
11605157260.93.jpeg,800,600,yellow,412,485,431,531
11605031001.1.jpeg,800,600,yellow,118,229,172,359
11605031001.1.jpeg,800,600,yellow,374,237,440,370
11605031001.1.jpeg,800,600,yellow,634,241,707,384
21605030763.05.jpeg,800,600,green,203,528,218,558
21605030763.05.jpeg,800,600,green,260,528,277,562
21605030763.05.jpeg,800,600,green,321,528,336,561
21605157251.37.jpeg,800,600,green,182,522,201,553
21605157251.37.jpeg,800,600,green,248,522,263,557
21605157251.37.jpeg,800,600,green,313,523,329,559
21605157478.14.jpeg,800,600,green,147,493,165,533
21605157478.14.jpeg,800,600,green,229,494,248,536
21605157478.14.jpeg,800,600,green,307,496,329,538
01605030701.36.jpeg,800,600,red,37,121,131,305
01605030701.36.jpeg,800,600,red,369,129,462,311
01605030701.36.jpeg,800,600,red,703,129,798,311
01605157468.1.jpeg,800,600,red,182,527,196,562
01605157468.1.jpeg,800,600,red,240,529,254,562
01605157468.1.jpeg,800,600,red,298,533,310,562
11605030999.9.jpeg,800,600,yellow,154,296,215,414
11605030999.9.jpeg,800,600,yellow,390,306,430,411
11605030999.9.jpeg,800,600,yellow,612,314,657,423
01605030786.35.jpeg,800,600,red,203,337,251,440
01605030786.35.jpeg,800,600,red,396,341,448,450
01605030786.35.jpeg,800,600,red,587,344,643,453
01605157427.74.jpeg,800,600,red,171,481,191,527
01605157427.74.jpeg,800,600,red,262,483,285,529
01605157427.74.jpeg,800,600,red,354,485,373,531
01605030779.91.jpeg,800,600,red,100,418,143,496
01605030779.91.jpeg,800,600,red,230,421,272,496
01605030779.91.jpeg,800,600,red,357,421,396,502
01605030697.51.jpeg,800,600,red,106,232,168,368
01605030697.51.jpeg,800,600,red,365,238,442,378
01605030697.51.jpeg,800,600,red,631,232,712,385
11605030769.47.jpeg,800,600,yellow,233,502,254,544
11605030769.47.jpeg,800,600,yellow,310,505,330,547
11605030769.47.jpeg,800,600,yellow,383,508,403,547
21605030945.73.jpeg,800,600,green,377,365,413,458
21605030945.73.jpeg,800,600,green,546,371,593,468
21605030945.73.jpeg,800,600,green,718,375,769,475
21605030761.07.jpeg,800,600,green,243,531,269,565
21605030761.07.jpeg,800,600,green,303,531,321,565
21605030761.07.jpeg,800,600,green,360,535,374,568
21605157255.36.jpeg,800,600,green,219,508,237,547
21605157255.36.jpeg,800,600,green,292,509,312,547
21605157255.36.jpeg,800,600,green,366,511,382,547
01605030783.66.jpeg,800,600,red,184,376,230,470
01605030783.66.jpeg,800,600,red,346,384,390,473
01605030783.66.jpeg,800,600,red,506,390,548,476
01605030936.32.jpeg,800,600,red,237,471,266,525
01605030936.32.jpeg,800,600,red,336,475,360,528
01605030936.32.jpeg,800,600,red,430,475,454,532
01605157242.57.jpeg,800,600,red,384,548,396,573
01605157242.57.jpeg,800,600,red,435,546,445,571
01605157242.57.jpeg,800,600,red,483,549,495,573
01605157242.95.jpeg,800,600,red,390,544,402,573
01605157242.95.jpeg,800,600,red,438,546,450,571
01605157242.95.jpeg,800,600,red,488,549,499,575
11605157416.53.jpeg,800,600,yellow,103,524,120,556
11605157416.53.jpeg,800,600,yellow,163,526,177,556
11605157416.53.jpeg,800,600,yellow,221,530,234,560
11605030924.33.jpeg,800,600,yellow,148,523,162,556
11605030924.33.jpeg,800,600,yellow,206,526,227,562
11605030924.33.jpeg,800,600,yellow,265,526,284,562
11605157260.56.jpeg,800,600,yellow,233,478,256,528
11605157260.56.jpeg,800,600,yellow,324,484,348,533
11605157260.56.jpeg,800,600,yellow,416,483,438,533
01605030929.54.jpeg,800,600,red,21,497,46,550
01605030929.54.jpeg,800,600,red,93,503,115,550
01605157470.5.jpeg,800,600,red,149,522,165,553
01605157470.5.jpeg,800,600,red,210,525,227,555
01605157470.5.jpeg,800,600,red,272,525,286,558
01605030925.92.jpeg,800,600,red,96,514,121,556
01605030925.92.jpeg,800,600,red,160,517,184,559
01605030925.92.jpeg,800,600,red,224,520,243,559
11605030767.49.jpeg,800,600,yellow,180,511,196,547
11605030767.49.jpeg,800,600,yellow,251,514,266,550
11605030767.49.jpeg,800,600,yellow,321,514,333,550
21605030993.92.jpeg,800,600,green,139,417,172,482
21605030993.92.jpeg,800,600,green,275,421,303,485
21605030993.92.jpeg,800,600,green,403,418,442,493
01605157238.16.jpeg,800,600,red,298,551,309,576
01605157238.16.jpeg,800,600,red,341,553,355,577
01605157238.16.jpeg,800,600,red,386,553,398,581
01605157234.96.jpeg,800,600,red,271,553,284,581
01605157234.96.jpeg,800,600,red,314,554,326,581
01605157234.96.jpeg,800,600,red,355,556,366,583
01605030929.13.jpeg,800,600,red,21,500,48,547
01605030929.13.jpeg,800,600,red,90,506,113,547
21605157442.53.jpeg,800,600,green,39,180,109,332
21605157442.53.jpeg,800,600,green,328,194,401,346
21605157442.53.jpeg,800,600,green,610,211,678,360
01605157474.49.jpeg,800,600,red,120,511,136,545
01605157474.49.jpeg,800,600,red,191,512,209,545
01605157474.49.jpeg,800,600,red,261,513,277,548
01605157236.55.jpeg,800,600,red,280,552,297,581
01605157236.55.jpeg,800,600,red,325,555,336,579
01605157236.55.jpeg,800,600,red,366,554,377,581
11605031000.3.jpeg,800,600,yellow,145,262,193,387
11605031000.3.jpeg,800,600,yellow,381,273,437,390
11605031000.3.jpeg,800,600,yellow,618,279,672,400
01605157425.72.jpeg,800,600,red,39,485,62,533
01605157425.72.jpeg,800,600,red,122,490,147,537
01605157425.72.jpeg,800,600,red,205,490,227,537
01605030975.74.jpeg,800,600,red,180,528,200,564
01605030975.74.jpeg,800,600,red,236,528,257,564
01605030975.74.jpeg,800,600,red,293,531,310,564
21605157478.53.jpeg,800,600,green,148,490,168,533
21605157478.53.jpeg,800,600,green,232,494,253,535
21605157478.53.jpeg,800,600,green,314,495,335,536
01605030938.72.jpeg,800,600,red,287,455,318,514
01605030938.72.jpeg,800,600,red,393,455,427,517
01605030938.72.jpeg,800,600,red,504,458,533,520
01605030780.65.jpeg,800,600,red,103,408,148,490
01605030780.65.jpeg,800,600,red,236,414,283,493
01605030780.65.jpeg,800,600,red,369,418,413,496
01605157233.36.jpeg,800,600,red,267,556,280,583
01605157233.36.jpeg,800,600,red,307,557,319,581
01605157233.36.jpeg,800,600,red,347,557,359,581
21605157245.34.jpeg,800,600,green,333,540,347,566
21605157245.34.jpeg,800,600,green,385,540,401,570
21605157245.34.jpeg,800,600,green,437,542,453,571
21605157248.92.jpeg,800,600,green,206,529,219,559
21605157248.92.jpeg,800,600,green,264,529,279,560
21605157248.92.jpeg,800,600,green,321,530,339,562
01605030775.1.jpeg,800,600,red,227,468,263,535
01605030775.1.jpeg,800,600,red,321,471,357,535
01605030775.1.jpeg,800,600,red,415,471,448,543
01605030780.28.jpeg,800,600,red,100,412,146,493
01605030780.28.jpeg,800,600,red,233,415,275,496
01605030780.28.jpeg,800,600,red,357,418,409,499
01605157426.91.jpeg,800,600,red,124,482,148,529
01605157426.91.jpeg,800,600,red,213,486,232,531
01605157426.91.jpeg,800,600,red,297,488,320,533
01605157276.16.jpeg,800,600,red,220,203,286,343
01605157276.16.jpeg,800,600,red,509,216,567,352
21605157442.95.jpeg,800,600,green,10,152,88,314
21605157442.95.jpeg,800,600,green,324,168,400,328
21605157442.95.jpeg,800,600,green,618,181,696,341
11605030923.14.jpeg,800,600,yellow,171,526,193,564
11605030923.14.jpeg,800,600,yellow,228,526,251,564
11605030923.14.jpeg,800,600,yellow,287,531,304,567
21605157443.71.jpeg,800,600,green,1,98,48,274
21605157443.71.jpeg,800,600,green,318,113,394,284
21605157443.71.jpeg,800,600,green,648,133,726,304
21605030985.66.jpeg,800,600,green,153,487,178,535
21605030985.66.jpeg,800,600,green,236,487,265,538
21605030985.66.jpeg,800,600,green,322,490,348,540
21605030794.54.jpeg,800,600,green,190,121,293,308
21605030794.54.jpeg,800,600,green,524,138,610,314
01605030771.46.jpeg,800,600,red,230,488,263,541
01605030771.46.jpeg,800,600,red,312,493,343,544
01605030771.46.jpeg,800,600,red,393,496,421,543
01605157425.32.jpeg,800,600,red,14,489,34,533
01605157425.32.jpeg,800,600,red,97,491,116,535
01605157425.32.jpeg,800,600,red,176,492,197,539
01605157472.49.jpeg,800,600,red,136,515,148,548
01605157472.49.jpeg,800,600,red,200,516,217,552
01605157472.49.jpeg,800,600,red,267,521,282,551
21605157441.72.jpeg,800,600,green,77,223,139,364
21605157441.72.jpeg,800,600,green,336,234,401,376
21605157441.72.jpeg,800,600,green,591,248,651,382
01605030982.79.jpeg,800,600,red,172,502,193,541
01605030982.79.jpeg,800,600,red,250,505,266,544
01605030982.79.jpeg,800,600,red,324,505,342,547
01605157469.29.jpeg,800,600,red,157,527,172,557
01605157469.29.jpeg,800,600,red,217,525,230,560
01605157469.29.jpeg,800,600,red,276,529,291,562
01605157241.72.jpeg,800,600,red,374,549,385,571
01605157241.72.jpeg,800,600,red,422,549,433,573
01605157241.72.jpeg,800,600,red,471,551,482,575
21605157243.77.jpeg,800,600,green,399,543,412,571
21605157243.77.jpeg,800,600,green,449,544,464,576
21605157243.77.jpeg,800,600,green,501,547,515,576
01605030789.2.jpeg,800,600,red,121,235,190,379
01605030789.2.jpeg,800,600,red,380,244,446,381
01605030789.2.jpeg,800,600,red,633,250,703,390
11605157258.53.jpeg,800,600,yellow,235,490,256,536
11605157258.53.jpeg,800,600,yellow,318,495,339,539
11605157258.53.jpeg,800,600,yellow,399,497,421,542
21605030951.56.jpeg,800,600,green,309,105,384,276
21605030951.56.jpeg,800,600,green,642,126,722,302
01605157275.78.jpeg,800,600,red,1,205,24,349
01605157275.78.jpeg,800,600,red,243,217,310,357
01605157275.78.jpeg,800,600,red,519,232,580,361
01605157272.57.jpeg,800,600,red,172,321,217,424
01605157272.57.jpeg,800,600,red,388,321,430,429
01605157272.57.jpeg,800,600,red,597,330,641,432
01605157238.97.jpeg,800,600,red,328,553,340,576
01605157238.97.jpeg,800,600,red,372,553,384,576
01605157238.97.jpeg,800,600,red,416,553,430,579
01605030926.35.jpeg,800,600,red,72,514,93,553
01605030926.35.jpeg,800,600,red,136,514,157,556
01605030926.35.jpeg,800,600,red,200,520,218,559
21605030790.68.jpeg,800,600,green,1,205,66,344
21605030790.68.jpeg,800,600,green,284,217,348,352
21605030790.68.jpeg,800,600,green,560,225,630,365
01605030930.74.jpeg,800,600,red,19,500,48,547
01605030930.74.jpeg,800,600,red,96,500,124,547
01605157434.9.jpeg,800,600,red,348,414,379,483
01605157434.9.jpeg,800,600,red,489,416,518,487
01605157434.9.jpeg,800,600,red,622,423,653,489
01605030939.15.jpeg,800,600,red,287,450,324,514
01605030939.15.jpeg,800,600,red,396,453,437,514
01605030939.15.jpeg,800,600,red,510,455,543,520
21605030985.53.jpeg,800,600,green,156,487,178,538
21605030985.53.jpeg,800,600,green,239,490,262,538
21605030985.53.jpeg,800,600,green,322,496,345,541
11605157491.34.jpeg,800,600,yellow,176,350,219,446
11605157491.34.jpeg,800,600,yellow,361,354,404,448
11605157491.34.jpeg,800,600,yellow,543,359,588,452
11605157494.54.jpeg,800,600,yellow,127,227,188,359
11605157494.54.jpeg,800,600,yellow,392,234,450,368
11605157494.54.jpeg,800,600,yellow,648,242,713,376
01605030926.7.jpeg,800,600,red,50,512,72,553
01605030926.7.jpeg,800,600,red,110,514,139,553
01605030926.7.jpeg,800,600,red,177,517,200,556
21605030765.89.jpeg,800,600,green,163,517,184,555
21605030765.89.jpeg,800,600,green,227,517,251,552
21605030765.89.jpeg,800,600,green,300,517,313,555
21605030991.49.jpeg,800,600,green,22,455,48,508
21605030991.49.jpeg,800,600,green,133,455,156,511
21605030991.49.jpeg,800,600,green,239,459,259,511
21605157246.57.jpeg,800,600,green,267,533,282,566
21605157246.57.jpeg,800,600,green,322,535,335,564
21605157246.57.jpeg,800,600,green,376,535,390,566
21605030764.27.jpeg,800,600,green,183,521,207,555
21605030764.27.jpeg,800,600,green,250,521,269,558
21605030764.27.jpeg,800,600,green,310,521,327,558
01605030696.64.jpeg,800,600,red,115,243,178,381
01605030696.64.jpeg,800,600,red,368,243,439,384
01605030696.64.jpeg,800,600,red,630,243,696,390
01605157474.91.jpeg,800,600,red,114,505,133,543
01605157474.91.jpeg,800,600,red,189,506,205,548
01605157474.91.jpeg,800,600,red,256,509,276,548
01605157270.95.jpeg,800,600,red,197,351,235,443
01605157270.95.jpeg,800,600,red,375,355,418,450
01605157270.95.jpeg,800,600,red,558,363,597,456
01605157436.11.jpeg,800,600,red,385,396,419,471
01605157436.11.jpeg,800,600,red,536,403,573,477
01605157436.11.jpeg,800,600,red,686,405,721,478
01605030982.56.jpeg,800,600,red,175,502,200,547
01605030982.56.jpeg,800,600,red,250,505,272,550
01605030982.56.jpeg,800,600,red,319,505,346,552
21605030947.51.jpeg,800,600,green,112,312,162,420
21605030947.51.jpeg,800,600,green,328,323,372,429
21605030947.51.jpeg,800,600,green,536,329,578,432
01605030977.91.jpeg,800,600,red,115,517,137,556
01605030977.91.jpeg,800,600,red,174,517,204,558
01605030977.91.jpeg,800,600,red,240,520,266,561
01605157271.76.jpeg,800,600,red,185,337,227,437
01605157271.76.jpeg,800,600,red,383,343,426,442
01605157271.76.jpeg,800,600,red,578,348,618,446
01605030781.47.jpeg,800,600,red,103,393,157,485
01605030781.47.jpeg,800,600,red,246,396,296,487
01605030781.47.jpeg,800,600,red,386,399,442,487
01605030932.44.jpeg,800,600,red,113,493,140,540
01605030932.44.jpeg,800,600,red,36,490,60,540
01605030777.24.jpeg,800,600,red,127,450,160,515
01605030777.24.jpeg,800,600,red,230,452,269,520
01605030777.24.jpeg,800,600,red,336,455,377,520
01605157430.9.jpeg,800,600,red,283,458,307,513
01605157430.9.jpeg,800,600,red,389,459,416,518
01605157430.9.jpeg,800,600,red,495,463,521,519
21605030760.28.jpeg,800,600,green,283,532,296,565
21605030760.28.jpeg,800,600,green,339,535,351,565
21605030760.28.jpeg,800,600,green,390,538,407,565
01605157272.95.jpeg,800,600,red,169,307,216,413
01605157272.95.jpeg,800,600,red,390,310,436,423
01605157272.95.jpeg,800,600,red,606,317,653,427
21605030945.92.jpeg,800,600,green,354,352,403,455
21605030945.92.jpeg,800,600,green,533,361,587,461
21605030945.92.jpeg,800,600,green,706,368,769,465
21605157488.14.jpeg,800,600,green,141,405,171,476
21605157488.14.jpeg,800,600,green,283,409,315,480
21605157488.14.jpeg,800,600,green,420,412,455,484
21605157489.7.jpeg,800,600,green,167,378,213,464
21605157489.7.jpeg,800,600,green,332,383,371,468
21605157489.7.jpeg,800,600,green,490,387,529,470
21605157438.55.jpeg,800,600,green,182,341,229,442
21605157438.55.jpeg,800,600,green,371,348,415,448
21605157438.55.jpeg,800,600,green,554,355,600,452
01605030940.34.jpeg,800,600,red,307,438,342,505
01605030940.34.jpeg,800,600,red,421,441,460,511
01605030940.34.jpeg,800,600,red,540,444,574,514
01605030697.86.jpeg,800,600,red,98,223,169,365
01605030697.86.jpeg,800,600,red,366,226,442,371
01605030697.86.jpeg,800,600,red,637,229,712,378
01605030745.49.jpeg,800,600,red,362,556,381,585
01605030745.49.jpeg,800,600,red,401,562,418,585
01605030745.49.jpeg,800,600,red,439,559,456,587
11605157260.17.jpeg,800,600,yellow,234,484,255,529
11605157260.17.jpeg,800,600,yellow,323,485,347,529
11605157260.17.jpeg,800,600,yellow,413,487,436,533
01605157495.3.jpeg,800,600,red,107,184,171,333
01605157495.3.jpeg,800,600,red,403,193,466,342
01605157495.3.jpeg,800,600,red,691,205,754,348
01605030702.33.jpeg,800,600,red,18,91,115,285
01605030702.33.jpeg,800,600,red,372,99,466,291
01605030702.33.jpeg,800,600,red,727,99,800,290
01605157424.92.jpeg,800,600,red,65,491,83,534
01605157424.92.jpeg,800,600,red,143,494,167,540
21605030761.48.jpeg,800,600,green,233,531,250,561
21605030761.48.jpeg,800,600,green,290,531,307,561
21605030761.48.jpeg,800,600,green,350,535,363,565
01605157272.14.jpeg,800,600,red,180,328,224,432
01605157272.14.jpeg,800,600,red,384,334,426,436
01605157272.14.jpeg,800,600,red,582,339,630,437
01605157232.52.jpeg,800,600,red,280,559,291,583
01605157232.52.jpeg,800,600,red,318,559,331,584
01605157232.52.jpeg,800,600,red,357,557,369,584
21605157478.95.jpeg,800,600,green,149,488,170,532
21605157478.95.jpeg,800,600,green,236,490,256,533
21605157478.95.jpeg,800,600,green,319,493,339,537
01605157433.75.jpeg,800,600,red,331,432,357,492
01605157433.75.jpeg,800,600,red,459,432,483,496
01605157433.75.jpeg,800,600,red,584,438,612,499
01605157269.74.jpeg,800,600,red,208,382,244,462
01605157269.74.jpeg,800,600,red,368,387,405,466
01605157269.74.jpeg,800,600,red,530,390,567,474
01605030774.82.jpeg,800,600,red,227,478,260,535
01605030774.82.jpeg,800,600,red,315,475,354,535
01605030774.82.jpeg,800,600,red,407,478,440,541
01605030931.53.jpeg,800,600,red,24,493,54,540
01605030931.53.jpeg,800,600,red,103,493,130,544
01605157420.14.jpeg,800,600,red,16,509,38,546
01605157420.14.jpeg,800,600,red,85,510,104,553
01605157420.14.jpeg,800,600,red,153,513,167,551
01605157267.35.jpeg,800,600,red,115,413,145,485
01605157267.35.jpeg,800,600,red,250,418,280,489
01605157267.35.jpeg,800,600,red,383,422,415,490
01605030779.51.jpeg,800,600,red,104,418,143,499
01605030779.51.jpeg,800,600,red,227,426,266,505
01605030779.51.jpeg,800,600,red,350,426,390,508
01605157419.73.jpeg,800,600,red,42,510,58,546
01605157419.73.jpeg,800,600,red,107,515,124,551
01605157419.73.jpeg,800,600,red,172,516,189,553
21605157255.78.jpeg,800,600,green,226,502,248,548
21605157255.78.jpeg,800,600,green,302,505,322,550
21605157255.78.jpeg,800,600,green,374,505,394,548
21605157245.76.jpeg,800,600,green,311,537,326,565
21605157245.76.jpeg,800,600,green,365,539,378,568
21605157245.76.jpeg,800,600,green,414,540,431,570
21605157437.75.jpeg,800,600,green,230,364,272,454
21605157437.75.jpeg,800,600,green,403,367,447,463
21605157437.75.jpeg,800,600,green,572,373,615,468
01605157264.92.jpeg,800,600,red,112,443,138,502
01605157264.92.jpeg,800,600,red,226,446,254,504
01605157264.92.jpeg,800,600,red,343,450,366,504
01605030979.94.jpeg,800,600,red,163,511,187,555
01605030979.94.jpeg,800,600,red,233,511,254,558
01605030979.94.jpeg,800,600,red,293,514,321,555
01605157234.52.jpeg,800,600,red,266,554,280,581
01605157234.52.jpeg,800,600,red,308,555,320,580
01605157234.52.jpeg,800,600,red,347,554,360,584
01605030698.36.jpeg,800,600,red,98,217,168,362
01605030698.36.jpeg,800,600,red,368,218,442,368
01605030698.36.jpeg,800,600,red,642,221,722,375
21605157487.34.jpeg,800,600,green,108,412,141,482
21605157487.34.jpeg,800,600,green,245,418,274,485
21605157487.34.jpeg,800,600,green,377,422,407,492
01605157235.36.jpeg,800,600,red,275,555,285,578
01605157235.36.jpeg,800,600,red,315,554,329,580
01605157235.36.jpeg,800,600,red,357,556,369,581
01605157426.52.jpeg,800,600,red,265,486,286,533
01605157426.52.jpeg,800,600,red,180,486,201,530
01605157426.52.jpeg,800,600,red,94,486,115,528
21605030983.91.jpeg,800,600,green,165,499,186,540
21605030983.91.jpeg,800,600,green,245,502,263,543
21605030983.91.jpeg,800,600,green,319,502,342,541
01605030787.85.jpeg,800,600,red,150,246,218,381
01605030787.85.jpeg,800,600,red,403,250,469,390
01605030787.85.jpeg,800,600,red,651,259,721,402
21605157484.1.jpeg,800,600,green,72,448,98,508
21605157484.1.jpeg,800,600,green,180,454,204,506
21605157484.1.jpeg,800,600,green,290,457,314,512
11605157417.34.jpeg,800,600,yellow,103,523,119,554
11605157417.34.jpeg,800,600,yellow,164,525,178,557
11605157417.34.jpeg,800,600,yellow,226,527,241,558
11605030999.5.jpeg,800,600,yellow,165,306,224,423
11605030999.5.jpeg,800,600,yellow,384,314,437,431
11605030999.5.jpeg,800,600,yellow,598,320,651,435
01605030772.35.jpeg,800,600,red,230,485,263,543
01605030772.35.jpeg,800,600,red,312,482,348,543
01605030772.35.jpeg,800,600,red,393,487,433,546
21605030948.33.jpeg,800,600,green,78,279,130,399
21605030948.33.jpeg,800,600,green,309,285,369,412
21605030948.33.jpeg,800,600,green,539,296,596,420
01605157437.29.jpeg,800,600,red,267,372,307,457
01605157437.29.jpeg,800,600,red,433,381,471,465
01605157437.29.jpeg,800,600,red,595,382,633,468
21605157254.17.jpeg,800,600,green,189,514,206,546
21605157254.17.jpeg,800,600,green,261,515,278,551
21605157254.17.jpeg,800,600,green,331,515,346,550
01605030700.07.jpeg,800,600,red,68,175,148,335
01605030700.07.jpeg,800,600,red,371,178,448,338
01605030700.07.jpeg,800,600,red,678,182,751,344
21605030986.84.jpeg,800,600,green,107,478,124,529
21605030986.84.jpeg,800,600,green,190,482,219,535
21605030986.84.jpeg,800,600,green,280,485,307,535
21605157256.18.jpeg,800,600,green,230,504,251,544
21605157256.18.jpeg,800,600,green,307,507,325,544
21605157256.18.jpeg,800,600,green,381,507,398,546
21605030995.91.jpeg,800,600,green,212,385,245,465
21605030995.91.jpeg,800,600,green,366,391,403,471
21605030995.91.jpeg,800,600,green,522,397,557,478
01605030775.28.jpeg,800,600,red,227,468,260,532
01605030775.28.jpeg,800,600,red,324,468,354,532
01605030775.28.jpeg,800,600,red,416,471,448,535
21605030759.46.jpeg,800,600,green,327,535,339,568
21605030759.46.jpeg,800,600,green,380,538,393,568
21605030759.46.jpeg,800,600,green,430,538,451,571
01605157265.36.jpeg,800,600,red,100,437,128,499
01605157265.36.jpeg,800,600,red,221,443,248,499
01605157265.36.jpeg,800,600,red,335,446,368,505
11605157258.96.jpeg,800,600,yellow,233,492,254,535
11605157258.96.jpeg,800,600,yellow,319,492,339,538
11605157258.96.jpeg,800,600,yellow,401,496,422,540
01605157241.36.jpeg,800,600,red,366,545,384,575
01605157241.36.jpeg,800,600,red,414,548,430,579
01605157241.36.jpeg,800,600,red,462,546,478,582
01605030786.3.jpeg,800,600,red,203,346,251,450
01605030786.3.jpeg,800,600,red,390,350,439,450
01605030786.3.jpeg,800,600,red,572,356,624,459
21605030997.5.jpeg,800,600,green,206,356,253,453
21605030997.5.jpeg,800,600,green,386,365,433,453
21605030997.5.jpeg,800,600,green,566,371,603,459
21605030756.29.jpeg,800,600,green,375,544,390,575
21605030756.29.jpeg,800,600,green,424,544,443,581
21605030756.29.jpeg,800,600,green,472,544,490,578
21605157441.35.jpeg,800,600,green,94,245,149,376
21605157441.35.jpeg,800,600,green,343,258,398,388
21605157441.35.jpeg,800,600,green,585,264,643,395
11605157493.36.jpeg,800,600,yellow,150,292,200,409
11605157493.36.jpeg,800,600,yellow,383,299,429,413
11605157493.36.jpeg,800,600,yellow,604,307,658,419
21605030791.87.jpeg,800,600,green,216,171,290,332
21605030791.87.jpeg,800,600,green,518,185,590,341
01605157471.74.jpeg,800,600,red,143,518,157,552
01605157471.74.jpeg,800,600,red,206,521,221,553
01605157471.74.jpeg,800,600,red,269,524,285,557
11605030768.85.jpeg,800,600,yellow,219,502,240,550
11605030768.85.jpeg,800,600,yellow,290,505,313,550
11605030768.85.jpeg,800,600,yellow,363,508,383,558
01605157236.97.jpeg,800,600,red,286,554,296,575
01605157236.97.jpeg,800,600,red,330,557,340,576
01605157236.97.jpeg,800,600,red,373,553,384,582
21605157252.58.jpeg,800,600,green,171,516,186,550
21605157252.58.jpeg,800,600,green,237,518,254,552
21605157252.58.jpeg,800,600,green,303,520,320,556
01605030935.53.jpeg,800,600,red,203,473,233,531
01605030935.53.jpeg,800,600,red,293,478,321,531
01605030935.53.jpeg,800,600,red,387,481,413,534
21605157482.51.jpeg,800,600,green,88,461,113,517
21605157482.51.jpeg,800,600,green,186,465,213,522
21605157482.51.jpeg,800,600,green,287,469,311,522
01605157232.94.jpeg,800,600,red,272,556,285,581
01605157232.94.jpeg,800,600,red,311,557,324,580
01605157232.94.jpeg,800,600,red,352,557,363,581
01605157239.34.jpeg,800,600,red,335,549,349,575
01605157239.34.jpeg,800,600,red,379,551,395,579
01605157239.34.jpeg,800,600,red,423,551,441,579
01605030778.68.jpeg,800,600,red,106,441,146,509
01605030778.68.jpeg,800,600,red,221,441,260,515
01605030778.68.jpeg,800,600,red,330,446,369,515
21605030759.88.jpeg,800,600,green,303,535,321,568
21605030759.88.jpeg,800,600,green,360,538,374,568
21605030759.88.jpeg,800,600,green,410,535,427,571
01605030944.85.jpeg,800,600,red,333,408,374,487
01605030944.85.jpeg,800,600,red,474,408,515,491
01605030944.85.jpeg,800,600,red,610,414,654,494
11605030769.09.jpeg,800,600,yellow,230,505,248,544
11605030769.09.jpeg,800,600,yellow,306,508,321,544
11605030769.09.jpeg,800,600,yellow,377,508,396,550
21605157256.54.jpeg,800,600,green,232,499,254,542
21605157256.54.jpeg,800,600,green,307,502,331,546
21605157256.54.jpeg,800,600,green,383,505,403,546
01605157237.35.jpeg,800,600,red,288,551,301,578
01605157237.35.jpeg,800,600,red,331,553,344,579
01605157237.35.jpeg,800,600,red,374,553,386,579
21605030947.11.jpeg,800,600,green,148,308,203,426
21605030947.11.jpeg,800,600,green,354,318,406,426
21605030947.11.jpeg,800,600,green,551,329,600,435
21605157252.97.jpeg,800,600,green,169,515,185,553
21605157252.97.jpeg,800,600,green,235,516,253,552
21605157252.97.jpeg,800,600,green,302,519,319,554
21605030758.27.jpeg,800,600,green,377,541,393,575
21605030758.27.jpeg,800,600,green,430,541,446,575
21605030758.27.jpeg,800,600,green,483,544,496,575
01605030981.5.jpeg,800,600,red,180,505,196,547
01605030981.5.jpeg,800,600,red,253,508,271,550
01605030981.5.jpeg,800,600,red,318,508,342,552
11605031001.9.jpeg,800,600,yellow,72,178,145,331
11605031001.9.jpeg,800,600,yellow,371,190,439,341
11605031001.9.jpeg,800,600,yellow,662,199,728,350
21605157485.32.jpeg,800,600,green,54,439,80,496
21605157485.32.jpeg,800,600,green,172,442,200,499
21605157485.32.jpeg,800,600,green,287,443,318,501
01605157279.37.jpeg,800,600,red,145,96,235,280
01605157279.37.jpeg,800,600,red,496,109,586,293
21605030755.1.jpeg,800,600,green,371,546,387,575
21605030755.1.jpeg,800,600,green,418,543,437,575
21605030755.1.jpeg,800,600,green,465,547,484,575
01605030770.26.jpeg,800,600,red,230,496,263,549
01605030770.26.jpeg,800,600,red,306,496,337,552
01605030770.26.jpeg,800,600,red,387,499,416,553
01605030789.91.jpeg,800,600,red,53,217,127,362
01605030789.91.jpeg,800,600,red,327,229,396,370
01605030789.91.jpeg,800,600,red,593,237,663,378
21605030995.52.jpeg,800,600,green,200,396,242,475
21605030995.52.jpeg,800,600,green,348,399,393,478
21605030995.52.jpeg,800,600,green,503,402,542,482
21605030994.73.jpeg,800,600,green,184,411,216,481
21605030994.73.jpeg,800,600,green,325,414,360,485
21605030994.73.jpeg,800,600,green,466,414,500,488
01605157470.91.jpeg,800,600,red,147,522,162,552
01605157470.91.jpeg,800,600,red,209,524,224,553
01605157470.91.jpeg,800,600,red,272,525,286,557
21605030763.87.jpeg,800,600,green,190,521,210,558
21605030763.87.jpeg,800,600,green,254,520,275,561
21605030763.87.jpeg,800,600,green,313,520,333,565
21605030753.06.jpeg,800,600,green,393,553,409,578
21605030753.06.jpeg,800,600,green,348,550,363,581
21605030753.06.jpeg,800,600,green,301,547,318,581
11605157494.1.jpeg,800,600,yellow,133,237,192,368
11605157494.1.jpeg,800,600,yellow,385,245,446,376
11605157494.1.jpeg,800,600,yellow,632,253,690,379
11605157414.94.jpeg,800,600,yellow,102,529,116,559
11605157414.94.jpeg,800,600,yellow,159,530,174,560
11605157414.94.jpeg,800,600,yellow,215,531,230,564
01605157232.12.jpeg,800,600,red,291,560,304,583
01605157232.12.jpeg,800,600,red,329,557,344,583
01605157232.12.jpeg,800,600,red,371,560,382,586
01605157278.58.jpeg,800,600,red,73,115,162,292
01605157278.58.jpeg,800,600,red,414,130,495,304
01605030701.5.jpeg,800,600,red,28,99,121,290
01605030701.5.jpeg,800,600,red,372,111,465,299
01605030701.5.jpeg,800,600,red,718,118,800,299
01605157194.18.jpeg,800,600,red,34,105,102,273
01605157194.18.jpeg,800,600,red,382,112,458,281
01605157194.18.jpeg,800,600,red,731,113,800,291
21605030949.09.jpeg,800,600,green,48,226,115,368
21605030949.09.jpeg,800,600,green,309,241,375,378
21605030949.09.jpeg,800,600,green,559,252,622,382
01605157432.52.jpeg,800,600,red,312,443,337,501
01605157432.52.jpeg,800,600,red,425,444,453,504
01605157432.52.jpeg,800,600,red,543,452,569,507
01605157278.97.jpeg,800,600,red,101,106,192,285
01605157278.97.jpeg,800,600,red,448,113,536,300
21605157476.93.jpeg,800,600,green,134,498,152,538
21605157476.93.jpeg,800,600,green,214,502,230,540
21605157476.93.jpeg,800,600,green,290,505,307,542
01605157270.17.jpeg,800,600,red,205,371,239,456
01605157270.17.jpeg,800,600,red,372,375,409,462
01605157270.17.jpeg,800,600,red,537,381,577,460
21605157258.15.jpeg,800,600,green,233,490,254,541
21605157258.15.jpeg,800,600,green,314,493,337,543
21605157258.15.jpeg,800,600,green,395,494,418,544
21605030997.36.jpeg,800,600,green,216,371,250,456
21605030997.36.jpeg,800,600,green,386,375,422,456
21605030997.36.jpeg,800,600,green,556,379,589,459
01605030773.73.jpeg,800,600,red,227,482,260,543
01605030773.73.jpeg,800,600,red,315,482,345,546
01605030773.73.jpeg,800,600,red,400,485,433,549
01605030703.11.jpeg,800,600,red,21,94,115,290
01605030703.11.jpeg,800,600,red,369,93,471,285
01605030703.11.jpeg,800,600,red,728,102,800,290
21605030986.53.jpeg,800,600,green,148,482,172,532
21605030986.53.jpeg,800,600,green,233,487,260,538
21605030986.53.jpeg,800,600,green,318,490,345,540
01605030784.41.jpeg,800,600,red,196,359,243,453
01605030784.41.jpeg,800,600,red,369,365,415,462
01605030784.41.jpeg,800,600,red,539,367,584,467
01605030787.47.jpeg,800,600,red,166,246,233,387
01605030787.47.jpeg,800,600,red,415,256,484,393
01605030787.47.jpeg,800,600,red,660,262,733,400
11605031002.72.jpeg,800,600,yellow,12,117,90,290
11605031002.72.jpeg,800,600,yellow,348,126,431,306
11605031002.72.jpeg,800,600,yellow,675,141,760,314
01605030977.52.jpeg,800,600,red,116,517,137,559
01605030977.52.jpeg,800,600,red,177,520,200,556
01605030977.52.jpeg,800,600,red,243,520,260,561
21605030753.9.jpeg,800,600,green,345,544,363,578
21605030753.9.jpeg,800,600,green,395,547,409,581
21605030753.9.jpeg,800,600,green,442,550,454,578
21605157489.34.jpeg,800,600,green,169,388,203,468
21605157489.34.jpeg,800,600,green,325,393,359,469
21605157489.34.jpeg,800,600,green,478,397,514,476
01605030945.08.jpeg,800,600,red,343,394,387,481
01605030945.08.jpeg,800,600,red,490,400,533,491
01605030945.08.jpeg,800,600,red,633,403,680,499
21605157476.12.jpeg,800,600,green,128,502,147,540
21605157476.12.jpeg,800,600,green,206,505,221,542
21605157476.12.jpeg,800,600,green,278,507,296,547
21605030991.61.jpeg,800,600,green,15,449,39,505
21605030991.61.jpeg,800,600,green,127,452,156,508
21605030991.61.jpeg,800,600,green,239,455,259,511
21605030791.05.jpeg,800,600,green,1,191,40,341
21605030791.05.jpeg,800,600,green,257,199,333,347
21605030791.05.jpeg,800,600,green,546,214,613,361
01605030982.65.jpeg,800,600,red,177,500,200,547
01605030982.65.jpeg,800,600,red,250,508,266,544
01605030982.65.jpeg,800,600,red,324,511,342,547
11605157492.54.jpeg,800,600,yellow,163,317,213,427
11605157492.54.jpeg,800,600,yellow,371,323,422,436
11605157492.54.jpeg,800,600,yellow,577,331,630,440
01605157430.1.jpeg,800,600,red,263,463,286,516
01605157430.1.jpeg,800,600,red,367,468,387,518
01605157430.1.jpeg,800,600,red,465,470,489,522
01605157274.57.jpeg,800,600,red,68,249,122,375
01605157274.57.jpeg,800,600,red,324,256,378,382
01605157274.57.jpeg,800,600,red,573,262,629,388
21605030993.13.jpeg,800,600,green,84,425,115,491
21605030993.13.jpeg,800,600,green,209,425,245,496
21605030993.13.jpeg,800,600,green,336,429,369,496
11605030767.09.jpeg,800,600,yellow,166,511,184,553
11605030767.09.jpeg,800,600,yellow,233,511,254,550
11605030767.09.jpeg,800,600,yellow,303,517,321,553
01605157269.37.jpeg,800,600,red,207,387,239,468
01605157269.37.jpeg,800,600,red,365,390,397,470
01605157269.37.jpeg,800,600,red,520,396,555,475
01605030771.86.jpeg,800,600,red,230,488,263,543
01605030771.86.jpeg,800,600,red,313,491,346,543
01605030771.86.jpeg,800,600,red,396,493,430,546
01605030786.95.jpeg,800,600,red,203,268,260,393
01605030786.95.jpeg,800,600,red,436,270,500,403
01605030786.95.jpeg,800,600,red,666,278,730,403
01605157428.9.jpeg,800,600,red,224,470,248,525
01605157428.9.jpeg,800,600,red,318,474,346,528
01605157428.9.jpeg,800,600,red,415,477,438,527
01605030782.69.jpeg,800,600,red,175,384,219,473
01605030782.69.jpeg,800,600,red,330,384,374,473
01605030782.69.jpeg,800,600,red,486,390,524,478
21605030754.36.jpeg,800,600,green,357,547,378,578
21605030754.36.jpeg,800,600,green,404,547,424,581
21605030754.36.jpeg,800,600,green,454,547,471,578
01605030776.3.jpeg,800,600,red,157,459,190,523
01605030776.3.jpeg,800,600,red,260,459,293,523
01605030776.3.jpeg,800,600,red,360,462,393,526
21605157479.31.jpeg,800,600,green,151,484,173,530
21605157479.31.jpeg,800,600,green,237,487,259,532
21605157479.31.jpeg,800,600,green,320,492,346,535
01605030774.94.jpeg,800,600,red,227,471,260,532
01605030774.94.jpeg,800,600,red,321,471,354,535
01605030774.94.jpeg,800,600,red,410,475,443,538
11605157262.13.jpeg,800,600,yellow,173,468,196,520
11605157262.13.jpeg,800,600,yellow,274,469,295,522
11605157262.13.jpeg,800,600,yellow,371,472,396,524
01605030942.25.jpeg,800,600,red,318,428,351,500
01605030942.25.jpeg,800,600,red,439,434,475,503
01605030942.25.jpeg,800,600,red,566,438,600,502
01605030928.71.jpeg,800,600,red,33,503,54,546
01605030928.71.jpeg,800,600,red,100,506,124,550
01605031003.11.jpeg,800,600,red,343,96,421,275
01605031003.11.jpeg,800,600,red,693,108,772,284
01605031003.11.jpeg,800,600,red,1,84,60,261
21605030759.09.jpeg,800,600,green,346,538,366,568
21605030759.09.jpeg,800,600,green,400,538,418,571
21605030759.09.jpeg,800,600,green,454,538,469,571
01605157424.14.jpeg,800,600,red,56,498,77,537
01605157424.14.jpeg,800,600,red,134,498,152,539
21605157253.74.jpeg,800,600,green,174,512,192,547
21605157253.74.jpeg,800,600,green,245,514,261,552
21605157253.74.jpeg,800,600,green,313,516,329,553
21605157438.91.jpeg,800,600,green,174,329,217,433
21605157438.91.jpeg,800,600,green,367,339,412,439
21605157438.91.jpeg,800,600,green,554,347,600,442
01605030981.12.jpeg,800,600,red,177,508,203,550
01605030981.12.jpeg,800,600,red,246,508,272,552
01605030981.12.jpeg,800,600,red,318,511,343,555
21605157480.92.jpeg,800,600,green,136,474,155,523
21605157480.92.jpeg,800,600,green,229,478,248,526
21605157480.92.jpeg,800,600,green,318,482,339,530
01605157429.74.jpeg,800,600,red,257,466,280,519
01605157429.74.jpeg,800,600,red,358,470,378,523
01605157429.74.jpeg,800,600,red,456,473,478,523
11605157415.7.jpeg,800,600,yellow,102,527,119,557
11605157415.7.jpeg,800,600,yellow,160,528,174,560
11605157415.7.jpeg,800,600,yellow,216,529,232,562
21605157248.14.jpeg,800,600,green,217,530,234,560
21605157248.14.jpeg,800,600,green,275,532,291,564
21605157248.14.jpeg,800,600,green,332,533,348,566
01605030786.92.jpeg,800,600,red,203,293,260,414
01605030786.92.jpeg,800,600,red,421,299,483,417
01605030786.92.jpeg,800,600,red,643,306,703,423
21605030753.09.jpeg,800,600,green,321,546,334,579
21605030753.09.jpeg,800,600,green,365,546,381,581
21605030753.09.jpeg,800,600,green,412,550,424,579
01605157423.32.jpeg,800,600,red,49,497,68,543
01605157423.32.jpeg,800,600,red,121,501,145,543
21605030752.28.jpeg,800,600,green,287,550,301,579
21605030752.28.jpeg,800,600,green,331,550,348,581
21605030752.28.jpeg,800,600,green,372,547,393,579
01605030934.72.jpeg,800,600,red,160,481,186,531
01605030934.72.jpeg,800,600,red,248,484,277,537
01605030934.72.jpeg,800,600,red,340,493,357,531
01605030930.58.jpeg,800,600,red,19,500,46,544
01605030930.58.jpeg,800,600,red,93,502,121,550
01605030786.37.jpeg,800,600,red,200,329,254,440
01605030786.37.jpeg,800,600,red,400,335,460,441
01605030786.37.jpeg,800,600,red,600,340,654,446
21605030758.19.jpeg,800,600,green,377,538,396,571
21605030758.19.jpeg,800,600,green,430,544,443,571
21605030758.19.jpeg,800,600,green,483,547,496,575
01605030789.21.jpeg,800,600,red,103,235,172,373
01605030789.21.jpeg,800,600,red,363,240,436,381
01605030789.21.jpeg,800,600,red,624,247,693,387
11605157261.37.jpeg,800,600,yellow,202,471,230,528
11605157261.37.jpeg,800,600,yellow,298,474,322,529
11605157261.37.jpeg,800,600,yellow,394,475,419,532
01605157432.89.jpeg,800,600,red,315,439,340,499
01605157432.89.jpeg,800,600,red,435,439,466,505
01605157432.89.jpeg,800,600,red,548,441,585,509
21605157488.54.jpeg,800,600,green,149,400,184,474
21605157488.54.jpeg,800,600,green,296,403,330,478
21605157488.54.jpeg,800,600,green,442,411,473,482
21605030990.37.jpeg,800,600,green,39,459,63,514
21605030990.37.jpeg,800,600,green,139,465,163,520
21605030990.37.jpeg,800,600,green,239,468,263,517
11605157492.16.jpeg,800,600,yellow,167,332,217,437
11605157492.16.jpeg,800,600,yellow,368,339,418,442
11605157492.16.jpeg,800,600,yellow,565,346,610,445
01605157277.82.jpeg,800,600,red,116,133,208,310
01605157277.82.jpeg,800,600,red,440,149,522,328
01605157434.54.jpeg,800,600,red,345,420,372,489
01605157434.54.jpeg,800,600,red,478,424,507,490
01605157434.54.jpeg,800,600,red,608,427,637,494
21605030948.74.jpeg,800,600,green,60,252,122,385
21605030948.74.jpeg,800,600,green,306,259,369,390
21605030948.74.jpeg,800,600,green,545,276,609,402
01605157431.69.jpeg,800,600,red,296,450,322,507
01605157431.69.jpeg,800,600,red,408,454,436,513
01605157431.69.jpeg,800,600,red,518,457,547,515
01605157240.55.jpeg,800,600,red,359,546,373,579
01605157240.55.jpeg,800,600,red,406,549,421,578
01605157240.55.jpeg,800,600,red,453,549,466,577
21605157244.16.jpeg,800,600,green,404,544,416,571
21605157244.16.jpeg,800,600,green,457,544,468,570
21605157244.16.jpeg,800,600,green,506,546,519,571
21605157490.15.jpeg,800,600,green,178,375,216,461
21605157490.15.jpeg,800,600,green,346,382,385,466
21605157490.15.jpeg,800,600,green,510,382,547,468
01605030746.52.jpeg,800,600,red,351,559,368,587
01605030746.52.jpeg,800,600,red,389,559,406,587
01605030746.52.jpeg,800,600,red,428,559,445,590
01605157422.12.jpeg,800,600,red,37,502,56,542
01605157422.12.jpeg,800,600,red,110,509,130,542
11605030769.89.jpeg,800,600,yellow,233,500,257,547
11605030769.89.jpeg,800,600,yellow,309,500,333,550
11605030769.89.jpeg,800,600,yellow,383,505,407,550
01605157420.52.jpeg,800,600,red,4,509,22,548
01605157420.52.jpeg,800,600,red,70,510,88,549
01605157420.52.jpeg,800,600,red,138,513,157,552
01605157263.35.jpeg,800,600,red,143,457,169,513
01605157263.35.jpeg,800,600,red,250,460,274,513
01605157263.35.jpeg,800,600,red,354,465,378,516
01605030777.47.jpeg,800,600,red,118,446,151,512
01605030777.47.jpeg,800,600,red,224,449,263,517
01605030777.47.jpeg,800,600,red,333,449,374,520
01605030750.06.jpeg,800,600,red,283,552,306,582
01605030750.06.jpeg,800,600,red,324,552,343,582
01605030750.06.jpeg,800,600,red,369,552,386,587
01605030979.65.jpeg,800,600,red,148,511,171,556
01605030979.65.jpeg,800,600,red,215,511,237,555
01605030979.65.jpeg,800,600,red,283,518,303,558
01605030778.84.jpeg,800,600,red,106,435,143,509
01605030778.84.jpeg,800,600,red,216,438,257,509
01605030778.84.jpeg,800,600,red,330,441,371,515
01605157422.55.jpeg,800,600,red,40,502,58,540
01605157422.55.jpeg,800,600,red,112,507,131,543
21605157250.14.jpeg,800,600,green,193,524,212,556
21605157250.14.jpeg,800,600,green,255,527,272,557
21605157250.14.jpeg,800,600,green,317,528,333,559
01605030749.27.jpeg,800,600,red,289,552,310,585
01605030749.27.jpeg,800,600,red,330,552,353,587
01605030749.27.jpeg,800,600,red,372,553,390,585
01605157231.34.jpeg,800,600,red,322,560,335,584
01605157231.34.jpeg,800,600,red,359,559,373,587
01605157231.34.jpeg,800,600,red,397,560,410,586
01605030932.71.jpeg,800,600,red,146,493,169,541
01605030932.71.jpeg,800,600,red,66,490,90,537
01605157419.31.jpeg,800,600,red,67,511,84,554
01605157419.31.jpeg,800,600,red,131,518,148,551
01605157419.31.jpeg,800,600,red,196,518,210,554
21605157254.96.jpeg,800,600,green,213,508,232,548
21605157254.96.jpeg,800,600,green,285,509,304,549
21605157254.96.jpeg,800,600,green,355,511,374,552
21605030989.39.jpeg,800,600,green,46,468,74,523
21605030989.39.jpeg,800,600,green,145,467,169,526
21605030989.39.jpeg,800,600,green,242,476,266,528
21605157248.57.jpeg,800,600,green,208,528,225,560
21605157248.57.jpeg,800,600,green,267,529,284,564
21605157248.57.jpeg,800,600,green,324,528,341,562
01605157268.55.jpeg,800,600,red,189,398,221,475
01605157268.55.jpeg,800,600,red,336,405,368,475
01605157268.55.jpeg,800,600,red,483,405,516,482
01605157495.74.jpeg,800,600,red,707,174,778,330
01605157495.74.jpeg,800,600,red,398,163,468,319
01605157495.74.jpeg,800,600,red,80,150,151,309
01605157278.18.jpeg,800,600,red,103,125,190,302
01605157278.18.jpeg,800,600,red,430,148,510,315
01605030945.65.jpeg,800,600,red,366,371,410,464
01605030945.65.jpeg,800,600,red,533,378,577,468
01605030945.65.jpeg,800,600,red,696,381,746,475
01605030933.71.jpeg,800,600,red,57,484,84,535
01605030933.71.jpeg,800,600,red,142,487,169,537
01605030933.71.jpeg,800,600,red,224,487,251,540
01605030978.31.jpeg,800,600,red,107,514,139,556
01605030978.31.jpeg,800,600,red,177,517,200,556
01605030978.31.jpeg,800,600,red,240,517,263,556
11605157416.93.jpeg,800,600,yellow,102,523,119,554
11605157416.93.jpeg,800,600,yellow,163,524,177,557
11605157416.93.jpeg,800,600,yellow,222,528,236,557
01605157418.11.jpeg,800,600,red,103,518,121,557
01605157418.11.jpeg,800,600,red,165,521,184,557
01605157418.11.jpeg,800,600,red,225,524,244,557
01605030750.66.jpeg,800,600,red,274,549,293,582
01605030750.66.jpeg,800,600,red,315,549,337,582
01605030750.66.jpeg,800,600,red,360,552,378,582
11605030768.56.jpeg,800,600,yellow,196,511,210,547
11605030768.56.jpeg,800,600,yellow,266,511,281,547
11605030768.56.jpeg,800,600,yellow,336,514,350,547
21605157250.99.jpeg,800,600,green,186,522,204,557
21605157250.99.jpeg,800,600,green,250,525,267,557
21605157250.99.jpeg,800,600,green,311,527,329,560
01605030703.93.jpeg,800,600,red,15,87,109,275
01605030703.93.jpeg,800,600,red,368,93,465,279
01605030703.93.jpeg,800,600,red,731,93,800,291
01605030774.64.jpeg,800,600,red,230,479,263,535
01605030774.64.jpeg,800,600,red,316,478,351,541
01605030774.64.jpeg,800,600,red,406,482,437,543
01605030937.92.jpeg,800,600,red,274,461,306,523
01605030937.92.jpeg,800,600,red,377,464,409,523
01605030937.92.jpeg,800,600,red,481,468,510,523
01605030779.37.jpeg,800,600,red,103,421,143,509
01605030779.37.jpeg,800,600,red,224,429,272,509
01605030779.37.jpeg,800,600,red,343,429,384,515
01605030749.43.jpeg,800,600,red,286,552,306,582
01605030749.43.jpeg,800,600,red,327,552,353,587
01605030749.43.jpeg,800,600,red,369,552,386,585
01605030789.89.jpeg,800,600,red,80,223,148,367
01605030789.89.jpeg,800,600,red,346,232,421,375
01605030789.89.jpeg,800,600,red,610,243,675,387
01605157266.98.jpeg,800,600,red,80,417,109,484
01605157266.98.jpeg,800,600,red,213,423,241,487
01605157266.98.jpeg,800,600,red,344,427,372,492
01605157240.93.jpeg,800,600,red,364,548,378,576
01605157240.93.jpeg,800,600,red,409,549,426,579
01605157240.93.jpeg,800,600,red,457,549,471,576
01605157435.7.jpeg,800,600,red,663,414,695,485
01605157435.7.jpeg,800,600,red,518,410,550,480
01605157435.7.jpeg,800,600,red,371,402,408,481
21605157484.51.jpeg,800,600,green,66,445,90,504
21605157484.51.jpeg,800,600,green,179,451,202,505
21605157484.51.jpeg,800,600,green,290,452,315,509
01605157433.32.jpeg,800,600,red,321,434,348,496
01605157433.32.jpeg,800,600,red,447,438,472,498
01605157433.32.jpeg,800,600,red,569,443,594,504
11605030923.92.jpeg,800,600,yellow,157,523,174,559
11605030923.92.jpeg,800,600,yellow,215,523,234,564
11605030923.92.jpeg,800,600,yellow,271,526,295,567
01605157418.53.jpeg,800,600,red,103,518,122,554
01605157418.53.jpeg,800,600,red,166,521,184,555
01605157418.53.jpeg,800,600,red,229,521,247,555
21605157243.35.jpeg,800,600,green,395,547,405,571
21605157243.35.jpeg,800,600,green,443,547,456,572
21605157243.35.jpeg,800,600,green,492,547,508,576
01605157279.78.jpeg,800,600,red,506,102,606,293
01605157279.78.jpeg,800,600,red,154,87,251,277
01605030945.31.jpeg,800,600,red,360,387,400,468
01605030945.31.jpeg,800,600,red,513,387,557,475
01605030945.31.jpeg,800,600,red,669,394,713,478
01605157274.17.jpeg,800,600,red,122,262,175,382
01605157274.17.jpeg,800,600,red,368,270,420,391
01605157274.17.jpeg,800,600,red,608,278,660,395
21605030792.36.jpeg,800,600,green,210,158,287,318
21605030792.36.jpeg,800,600,green,521,158,590,332
21605030991.34.jpeg,800,600,green,28,455,54,511
21605030991.34.jpeg,800,600,green,133,458,159,514
21605030991.34.jpeg,800,600,green,239,462,263,518
21605157482.11.jpeg,800,600,green,95,468,119,516
21605157482.11.jpeg,800,600,green,196,471,216,518
21605157482.11.jpeg,800,600,green,294,474,313,522
21605030996.3.jpeg,800,600,green,212,381,250,462
21605030996.3.jpeg,800,600,green,372,381,415,471
21605030996.3.jpeg,800,600,green,533,388,569,471
11605031000.7.jpeg,800,600,yellow,130,237,187,367
11605031000.7.jpeg,800,600,yellow,381,247,437,373
11605031000.7.jpeg,800,600,yellow,627,256,681,376
01605030945.51.jpeg,800,600,red,360,375,406,465
01605030945.51.jpeg,800,600,red,524,378,569,471
01605030945.51.jpeg,800,600,red,684,384,730,475
01605157422.92.jpeg,800,600,red,46,502,61,539
01605157422.92.jpeg,800,600,red,116,501,136,539
21605030946.71.jpeg,800,600,green,231,320,275,423
21605030946.71.jpeg,800,600,green,427,332,471,432
21605030946.71.jpeg,800,600,green,618,341,660,440
01605030977.13.jpeg,800,600,red,119,517,140,556
01605030977.13.jpeg,800,600,red,180,520,203,559
01605030977.13.jpeg,800,600,red,243,523,260,559
21605157257.76.jpeg,800,600,green,232,496,251,538
21605157257.76.jpeg,800,600,green,314,498,332,542
21605157257.76.jpeg,800,600,green,392,499,414,542
21605157479.72.jpeg,800,600,green,152,484,176,528
21605157479.72.jpeg,800,600,green,239,487,263,532
21605157479.72.jpeg,800,600,green,330,486,350,533
01605157436.55.jpeg,800,600,red,656,395,695,477
01605157436.55.jpeg,800,600,red,503,392,540,474
01605157436.55.jpeg,800,600,red,345,387,385,468
21605030998.5.jpeg,800,600,green,195,341,236,440
21605030998.5.jpeg,800,600,green,386,343,433,443
21605030998.5.jpeg,800,600,green,572,349,624,446
21605030987.14.jpeg,800,600,green,77,479,103,521
21605030987.14.jpeg,800,600,green,169,475,193,529
21605030987.14.jpeg,800,600,green,260,482,284,529
01605157472.09.jpeg,800,600,red,137,518,154,551
01605157472.09.jpeg,800,600,red,202,519,219,553
01605157472.09.jpeg,800,600,red,268,521,283,553
11605157492.94.jpeg,800,600,yellow,154,308,207,419
11605157492.94.jpeg,800,600,yellow,374,316,423,427
11605157492.94.jpeg,800,600,yellow,589,319,637,430
21605030765.49.jpeg,800,600,green,169,517,190,553
21605030765.49.jpeg,800,600,green,236,521,254,558
21605030765.49.jpeg,800,600,green,303,518,318,558
01605030750.09.jpeg,800,600,red,281,549,300,585
01605030750.09.jpeg,800,600,red,324,552,339,588
01605030750.09.jpeg,800,600,red,363,552,383,582
21605030762.69.jpeg,800,600,green,203,525,221,558
21605030762.69.jpeg,800,600,green,263,528,283,562
21605030762.69.jpeg,800,600,green,321,528,339,562
01605030776.66.jpeg,800,600,red,143,449,175,515
01605030776.66.jpeg,800,600,red,243,455,287,523
01605030776.66.jpeg,800,600,red,351,456,384,529
01605157468.92.jpeg,800,600,red,166,527,178,558
01605157468.92.jpeg,800,600,red,223,527,237,558
01605157468.92.jpeg,800,600,red,283,530,295,560
21605157480.12.jpeg,800,600,green,160,481,179,527
21605157480.12.jpeg,800,600,green,247,484,269,529
21605157480.12.jpeg,800,600,green,337,486,357,532
01605157274.96.jpeg,800,600,red,26,232,85,365
01605157274.96.jpeg,800,600,red,290,241,348,371
01605157274.96.jpeg,800,600,red,552,251,604,379
01605157263.78.jpeg,800,600,red,135,453,157,507
01605157263.78.jpeg,800,600,red,241,457,266,511
01605157263.78.jpeg,800,600,red,350,459,374,515
21605157251.75.jpeg,800,600,green,179,519,195,554
21605157251.75.jpeg,800,600,green,243,520,260,554
21605157251.75.jpeg,800,600,green,305,522,324,557
21605157257.35.jpeg,800,600,green,233,499,250,541
21605157257.35.jpeg,800,600,green,311,502,331,540
21605157257.35.jpeg,800,600,green,390,502,410,542
01605030781.88.jpeg,800,600,red,136,390,181,478
01605030781.88.jpeg,800,600,red,281,396,327,484
01605030781.88.jpeg,800,600,red,427,396,477,487
01605157473.29.jpeg,800,600,red,127,511,147,551
01605157473.29.jpeg,800,600,red,195,515,214,552
01605157473.29.jpeg,800,600,red,263,518,278,552
01605030787.35.jpeg,800,600,red,193,262,269,390
01605030787.35.jpeg,800,600,red,446,264,510,397
01605030787.35.jpeg,800,600,red,687,273,754,403
11605031002.31.jpeg,800,600,yellow,42,150,115,308
11605031002.31.jpeg,800,600,yellow,357,162,434,326
11605031002.31.jpeg,800,600,yellow,665,173,739,334
21605030989.29.jpeg,800,600,green,54,470,77,520
21605030989.29.jpeg,800,600,green,148,473,172,526
21605030989.29.jpeg,800,600,green,243,476,266,526
21605157484.92.jpeg,800,600,green,59,442,83,500
21605157484.92.jpeg,800,600,green,173,443,200,504
21605157484.92.jpeg,800,600,green,289,446,315,506
01605157496.1.jpeg,800,600,red,53,121,124,288
01605157496.1.jpeg,800,600,red,387,130,462,299
01605157496.1.jpeg,800,600,red,715,147,792,312
21605157482.91.jpeg,800,600,green,82,458,104,514
21605157482.91.jpeg,800,600,green,185,466,209,516
21605157482.91.jpeg,800,600,green,287,466,309,520
11605030923.56.jpeg,800,600,yellow,165,526,184,562
11605030923.56.jpeg,800,600,yellow,224,526,239,562
11605030923.56.jpeg,800,600,yellow,278,526,298,562
01605030782.36.jpeg,800,600,red,148,381,210,478
01605030782.36.jpeg,800,600,red,307,390,353,478
01605030782.36.jpeg,800,600,red,457,396,500,481
21605030755.09.jpeg,800,600,green,371,550,384,575
21605030755.09.jpeg,800,600,green,418,550,430,578
21605030755.09.jpeg,800,600,green,463,547,478,578
01605030745.34.jpeg,800,600,red,375,558,392,587
01605030745.34.jpeg,800,600,red,409,559,433,585
01605030745.34.jpeg,800,600,red,451,559,466,587
01605030784.88.jpeg,800,600,red,200,350,246,450
01605030784.88.jpeg,800,600,red,375,359,430,456
01605030784.88.jpeg,800,600,red,554,362,606,459
01605157268.17.jpeg,800,600,red,170,405,202,477
01605157268.17.jpeg,800,600,red,314,409,344,480
01605157268.17.jpeg,800,600,red,454,411,488,484
01605030943.12.jpeg,800,600,red,324,420,363,494
01605030943.12.jpeg,800,600,red,454,420,493,497
01605030943.12.jpeg,800,600,red,583,426,624,502
01605157265.76.jpeg,800,600,red,92,432,116,496
01605157265.76.jpeg,800,600,red,214,438,243,498
01605157265.76.jpeg,800,600,red,333,440,361,501
11605157259.78.jpeg,800,600,yellow,234,485,256,533
11605157259.78.jpeg,800,600,yellow,322,488,344,535
11605157259.78.jpeg,800,600,yellow,408,492,429,537
01605157430.52.jpeg,800,600,red,271,459,298,516
01605157430.52.jpeg,800,600,red,376,463,405,521
01605157430.52.jpeg,800,600,red,482,467,507,519
01605030927.11.jpeg,800,600,red,24,509,54,553
01605030927.11.jpeg,800,600,red,90,512,115,553
01605030927.11.jpeg,800,600,red,157,514,183,559
21605157440.51.jpeg,800,600,green,122,290,174,407
21605157440.51.jpeg,800,600,green,350,302,400,415
21605157440.51.jpeg,800,600,green,573,310,619,422
01605030927.9.jpeg,800,600,red,54,509,80,550
01605030927.9.jpeg,800,600,red,124,512,146,550
01605030927.9.jpeg,800,600,red,1,509,10,547
01605157421.34.jpeg,800,600,red,49,507,66,547
01605157421.34.jpeg,800,600,red,118,510,136,551
01605157436.93.jpeg,800,600,red,306,380,343,463
01605157436.93.jpeg,800,600,red,467,387,507,470
01605157436.93.jpeg,800,600,red,622,388,667,476
21605030757.44.jpeg,800,600,green,380,541,393,571
21605030757.44.jpeg,800,600,green,430,544,443,575
21605030757.44.jpeg,800,600,green,480,544,493,575
01605157240.13.jpeg,800,600,red,353,548,365,577
01605157240.13.jpeg,800,600,red,396,548,412,579
01605157240.13.jpeg,800,600,red,443,551,459,579
21605030765.06.jpeg,800,600,green,177,517,193,558
21605030765.06.jpeg,800,600,green,240,517,260,558
21605030765.06.jpeg,800,600,green,303,521,324,561
01605157427.32.jpeg,800,600,red,145,478,169,529
01605157427.32.jpeg,800,600,red,234,482,259,531
01605157427.32.jpeg,800,600,red,322,485,346,533
21605157481.35.jpeg,800,600,green,119,474,142,520
21605157481.35.jpeg,800,600,green,213,475,235,523
21605157481.35.jpeg,800,600,green,307,478,328,528
21605030984.31.jpeg,800,600,green,160,493,186,541
21605030984.31.jpeg,800,600,green,245,499,263,540
21605030984.31.jpeg,800,600,green,322,502,342,540
21605030950.3.jpeg,800,600,green,1,149,75,318
21605030950.3.jpeg,800,600,green,306,171,384,329
21605030950.3.jpeg,800,600,green,600,185,678,346
21605157440.09.jpeg,800,600,green,134,304,184,415
21605157440.09.jpeg,800,600,green,354,314,403,422
21605157440.09.jpeg,800,600,green,566,322,616,431
21605157247.37.jpeg,800,600,green,236,531,254,562
21605157247.37.jpeg,800,600,green,293,533,308,565
21605157247.37.jpeg,800,600,green,350,535,363,566
01605157473.71.jpeg,800,600,red,127,511,144,548
01605157473.71.jpeg,800,600,red,197,513,213,548
01605157473.71.jpeg,800,600,red,264,513,280,549
01605030935.92.jpeg,800,600,red,221,471,250,531
01605030935.92.jpeg,800,600,red,313,475,340,531
01605030935.92.jpeg,800,600,red,403,478,433,535
01605157273.79.jpeg,800,600,red,160,269,211,388
01605157273.79.jpeg,800,600,red,395,276,447,395
01605157273.79.jpeg,800,600,red,627,286,678,403
11605030924.71.jpeg,800,600,yellow,140,523,157,559
11605030924.71.jpeg,800,600,yellow,198,523,218,562
11605030924.71.jpeg,800,600,yellow,260,526,278,559
01605157262.57.jpeg,800,600,red,162,465,186,516
01605157262.57.jpeg,800,600,red,263,468,286,521
01605157262.57.jpeg,800,600,red,361,470,388,524
21605030991.71.jpeg,800,600,green,9,447,36,505
21605030991.71.jpeg,800,600,green,125,449,148,508
21605030991.71.jpeg,800,600,green,233,450,260,508
21605157250.57.jpeg,800,600,green,189,523,206,556
21605157250.57.jpeg,800,600,green,252,525,268,559
21605157250.57.jpeg,800,600,green,313,526,330,559
01605157429.33.jpeg,800,600,red,240,470,265,518
01605157429.33.jpeg,800,600,red,339,473,361,523
01605157429.33.jpeg,800,600,red,437,474,457,527
21605030998.4.jpeg,800,600,green,203,350,250,446
21605030998.4.jpeg,800,600,green,386,352,436,450
21605030998.4.jpeg,800,600,green,572,356,618,456
01605030747.5.jpeg,800,600,red,300,556,319,582
01605030747.5.jpeg,800,600,red,336,558,360,585
01605030747.5.jpeg,800,600,red,378,558,393,582
01605030933.93.jpeg,800,600,red,96,481,130,534
01605030933.93.jpeg,800,600,red,187,490,213,537
01605030933.93.jpeg,800,600,red,269,487,296,541
01605030976.05.jpeg,800,600,red,136,523,154,561
01605030976.05.jpeg,800,600,red,193,526,210,565
01605030976.05.jpeg,800,600,red,254,526,274,564
01605030703.92.jpeg,800,600,red,12,85,109,282
01605030703.92.jpeg,800,600,red,369,93,465,282
01605030703.92.jpeg,800,600,red,728,99,800,290
01605030939.94.jpeg,800,600,red,300,441,333,508
01605030939.94.jpeg,800,600,red,415,447,448,511
01605030939.94.jpeg,800,600,red,530,447,563,511
01605030747.08.jpeg,800,600,red,306,553,327,582
01605030747.08.jpeg,800,600,red,345,558,369,587
01605030747.08.jpeg,800,600,red,386,558,409,585
01605030696.35.jpeg,800,600,red,115,244,181,378
01605030696.35.jpeg,800,600,red,369,247,433,384
01605030696.35.jpeg,800,600,red,627,253,690,387
01605157424.51.jpeg,800,600,red,60,492,80,535
01605157424.51.jpeg,800,600,red,138,498,155,537
01605030770.68.jpeg,800,600,red,230,493,260,543
01605030770.68.jpeg,800,600,red,310,496,337,549
01605030770.68.jpeg,800,600,red,384,499,418,549
21605030751.9.jpeg,800,600,green,268,550,284,576
21605030751.9.jpeg,800,600,green,312,550,327,579
21605030751.9.jpeg,800,600,green,357,553,372,581
01605157267.78.jpeg,800,600,red,151,408,182,478
01605157267.78.jpeg,800,600,red,290,411,324,484
01605157267.78.jpeg,800,600,red,429,416,460,487
21605157486.91.jpeg,800,600,green,84,419,116,485
21605157486.91.jpeg,800,600,green,218,423,243,489
21605157486.91.jpeg,800,600,green,344,426,376,492
01605030938.33.jpeg,800,600,red,283,455,315,520
01605030938.33.jpeg,800,600,red,387,461,418,520
01605030938.33.jpeg,800,600,red,493,464,524,525
01605157276.98.jpeg,800,600,red,173,164,247,327
01605157276.98.jpeg,800,600,red,476,178,549,336
21605157444.15.jpeg,800,600,green,309,71,392,262
21605157444.15.jpeg,800,600,green,668,92,755,278
21605030991.83.jpeg,800,600,green,3,441,30,499
21605030991.83.jpeg,800,600,green,119,441,151,508
21605030991.83.jpeg,800,600,green,231,447,263,505
21605030751.08.jpeg,800,600,green,272,550,287,576
21605030751.08.jpeg,800,600,green,318,553,330,578
21605030751.08.jpeg,800,600,green,360,553,372,578
21605030995.12.jpeg,800,600,green,196,399,230,481
21605030995.12.jpeg,800,600,green,342,405,378,482
21605030995.12.jpeg,800,600,green,483,411,522,488
21605030763.49.jpeg,800,600,green,196,525,213,561
21605030763.49.jpeg,800,600,green,257,528,275,558
21605030763.49.jpeg,800,600,green,313,525,333,558
01605030936.72.jpeg,800,600,red,250,468,277,526
01605030936.72.jpeg,800,600,red,351,475,371,525
01605030936.72.jpeg,800,600,red,446,478,469,528
01605157432.1.jpeg,800,600,red,301,444,330,507
01605157432.1.jpeg,800,600,red,416,449,442,510
01605157432.1.jpeg,800,600,red,530,452,555,510
01605030983.51.jpeg,800,600,red,169,497,187,541
01605030983.51.jpeg,800,600,red,246,500,266,544
01605030983.51.jpeg,800,600,red,324,502,342,544
01605030979.56.jpeg,800,600,red,136,514,160,556
01605030979.56.jpeg,800,600,red,203,517,227,559
01605030979.56.jpeg,800,600,red,266,517,290,559
21605030950.72.jpeg,800,600,green,1,123,63,299
21605030950.72.jpeg,800,600,green,303,138,386,312
21605030950.72.jpeg,800,600,green,619,159,700,326
01605030934.32.jpeg,800,600,red,133,481,157,534
01605030934.32.jpeg,800,600,red,221,484,246,540
01605030934.32.jpeg,800,600,red,303,487,330,537
21605157253.36.jpeg,800,600,green,161,512,179,548
21605157253.36.jpeg,800,600,green,232,514,248,552
21605157253.36.jpeg,800,600,green,298,516,318,554
01605030747.88.jpeg,800,600,red,293,552,313,582
01605030747.88.jpeg,800,600,red,336,552,354,582
01605030747.88.jpeg,800,600,red,375,555,393,585
21605157486.54.jpeg,800,600,green,72,425,102,487
21605157486.54.jpeg,800,600,green,200,425,230,492
21605157486.54.jpeg,800,600,green,328,431,353,493
21605157442.15.jpeg,800,600,green,53,200,120,350
21605157442.15.jpeg,800,600,green,333,215,401,356
21605157442.15.jpeg,800,600,green,601,228,666,368
01605157270.52.jpeg,800,600,red,199,364,235,448
01605157270.52.jpeg,800,600,red,373,369,411,456
01605157270.52.jpeg,800,600,red,549,374,582,459
21605157249.38.jpeg,800,600,green,201,528,216,560
21605157249.38.jpeg,800,600,green,259,526,276,560
21605157249.38.jpeg,800,600,green,320,529,336,560
01605157264.16.jpeg,800,600,red,127,451,151,505
01605157264.16.jpeg,800,600,red,238,454,262,507
01605157264.16.jpeg,800,600,red,348,456,373,510
21605030761.89.jpeg,800,600,green,221,528,236,561
21605030761.89.jpeg,800,600,green,280,531,296,565
21605030761.89.jpeg,800,600,green,336,529,354,562
01605030980.31.jpeg,800,600,red,177,511,196,552
01605030980.31.jpeg,800,600,red,243,511,263,550
01605030980.31.jpeg,800,600,red,313,514,330,558
01605157276.54.jpeg,800,600,red,202,186,263,331
01605157276.54.jpeg,800,600,red,496,198,558,343
21605030992.79.jpeg,800,600,green,39,425,75,496
21605030992.79.jpeg,800,600,green,166,432,196,499
21605030992.79.jpeg,800,600,green,289,432,316,502
01605157468.51.jpeg,800,600,red,172,527,184,562
01605157468.51.jpeg,800,600,red,230,530,244,563
01605157468.51.jpeg,800,600,red,288,530,301,559
21605030992.67.jpeg,800,600,green,251,441,281,497
21605030992.67.jpeg,800,600,green,134,438,159,496
21605030992.67.jpeg,800,600,green,9,432,42,496
21605157246.15.jpeg,800,600,green,288,535,303,566
21605157246.15.jpeg,800,600,green,343,535,357,570
21605157246.15.jpeg,800,600,green,396,538,412,568
01605157238.52.jpeg,800,600,red,312,551,324,577
01605157238.52.jpeg,800,600,red,357,552,368,577
01605157238.52.jpeg,800,600,red,401,554,412,577
01605030976.7.jpeg,800,600,red,121,520,140,558
01605030976.7.jpeg,800,600,red,183,523,200,561
01605030976.7.jpeg,800,600,red,243,526,260,561
01605030931.91.jpeg,800,600,red,24,490,51,540
01605030931.91.jpeg,800,600,red,103,496,130,544
01605030775.47.jpeg,800,600,red,207,465,243,529
01605030775.47.jpeg,800,600,red,304,468,340,529
01605030775.47.jpeg,800,600,red,403,475,440,535
21605157490.94.jpeg,800,600,green,182,359,220,449
21605157490.94.jpeg,800,600,green,357,364,398,454
21605157490.94.jpeg,800,600,green,537,369,576,457
01605157475.34.jpeg,800,600,red,119,506,138,545
01605157475.34.jpeg,800,600,red,193,506,209,545
01605157475.34.jpeg,800,600,red,267,509,283,545
21605030793.49.jpeg,800,600,green,203,144,284,314
21605030793.49.jpeg,800,600,green,521,158,600,328
01605030944.71.jpeg,800,600,red,330,411,369,488
01605030944.71.jpeg,800,600,red,466,417,503,494
01605030944.71.jpeg,800,600,red,600,420,636,497
01605030937.52.jpeg,800,600,red,271,464,293,520
01605030937.52.jpeg,800,600,red,371,465,396,523
01605030937.52.jpeg,800,600,red,469,470,500,528
21605030990.23.jpeg,800,600,green,39,459,75,517
21605030990.23.jpeg,800,600,green,139,465,172,523
21605030990.23.jpeg,800,600,green,236,470,268,526
01605030927.55.jpeg,800,600,red,4,508,27,550
01605030927.55.jpeg,800,600,red,69,511,90,550
01605030927.55.jpeg,800,600,red,136,512,157,556
01605157266.15.jpeg,800,600,red,84,426,112,494
01605157266.15.jpeg,800,600,red,207,433,238,495
01605157266.15.jpeg,800,600,red,333,437,360,501
21605157244.96.jpeg,800,600,green,359,541,372,568
21605157244.96.jpeg,800,600,green,410,543,424,570
21605157244.96.jpeg,800,600,green,461,543,474,570
01605030944.97.jpeg,800,600,red,339,403,380,484
01605030944.97.jpeg,800,600,red,480,403,524,491
01605030944.97.jpeg,800,600,red,621,411,660,494
01605157470.11.jpeg,800,600,red,151,521,171,557
01605157470.11.jpeg,800,600,red,214,522,230,559
01605157470.11.jpeg,800,600,red,272,527,291,559
21605157439.32.jpeg,800,600,green,156,314,203,421
21605157439.32.jpeg,800,600,green,358,322,403,424
21605157439.32.jpeg,800,600,green,556,332,601,433
01605157428.1.jpeg,800,600,red,187,477,214,527
01605157428.1.jpeg,800,600,red,280,477,307,529
01605157428.1.jpeg,800,600,red,372,482,396,530
21605157486.14.jpeg,800,600,green,50,427,78,490
21605157486.14.jpeg,800,600,green,175,433,204,496
21605157486.14.jpeg,800,600,green,296,435,326,496
11605030999.1.jpeg,800,600,yellow,178,320,228,434
11605030999.1.jpeg,800,600,yellow,387,326,437,437
11605030999.1.jpeg,800,600,yellow,590,332,645,444
21605157476.55.jpeg,800,600,green,131,501,150,538
21605157476.55.jpeg,800,600,green,209,502,224,542
21605157476.55.jpeg,800,600,green,285,505,302,541
01605157417.69.jpeg,800,600,red,103,518,121,558
01605157417.69.jpeg,800,600,red,163,523,182,557
01605157417.69.jpeg,800,600,red,221,522,245,559
01605157236.16.jpeg,800,600,red,280,554,292,579
01605157236.16.jpeg,800,600,red,321,553,336,581
01605157236.16.jpeg,800,600,red,365,554,378,582
01605157421.76.jpeg,800,600,red,40,505,59,546
01605157421.76.jpeg,800,600,red,112,509,130,545
21605157481.71.jpeg,800,600,green,106,466,131,523
21605157481.71.jpeg,800,600,green,204,472,226,523
21605157481.71.jpeg,800,600,green,298,474,320,525
01605030975.92.jpeg,800,600,red,153,526,169,561
01605030975.92.jpeg,800,600,red,210,528,227,564
01605030975.92.jpeg,800,600,red,266,528,283,564
01605030930.48.jpeg,800,600,red,21,497,46,544
01605030930.48.jpeg,800,600,red,93,502,121,550
01605030940.73.jpeg,800,600,red,307,431,343,502
01605030940.73.jpeg,800,600,red,430,435,466,505
01605030940.73.jpeg,800,600,red,548,441,587,508
21605157483.69.jpeg,800,600,green,75,453,99,508
21605157483.69.jpeg,800,600,green,184,457,206,511
21605157483.69.jpeg,800,600,green,289,460,312,516
11605157415.35.jpeg,800,600,yellow,103,528,115,556
11605157415.35.jpeg,800,600,yellow,161,531,172,557
11605157415.35.jpeg,800,600,yellow,216,532,228,559
21605157477.32.jpeg,800,600,green,136,496,155,539
21605157477.32.jpeg,800,600,green,213,498,235,536
21605157477.32.jpeg,800,600,green,292,499,313,541
21605030757.07.jpeg,800,600,green,375,541,393,571
21605030757.07.jpeg,800,600,green,427,544,440,571
21605030757.07.jpeg,800,600,green,477,547,490,575
01605030700.93.jpeg,800,600,red,48,144,134,312
01605030700.93.jpeg,800,600,red,368,147,459,321
01605030700.93.jpeg,800,600,red,695,147,784,323
21605030993.52.jpeg,800,600,green,115,421,142,485
21605030993.52.jpeg,800,600,green,245,421,278,491
21605030993.52.jpeg,800,600,green,369,432,406,497
21605157247.75.jpeg,800,600,green,228,530,241,560
21605157247.75.jpeg,800,600,green,285,534,299,564
21605157247.75.jpeg,800,600,green,341,533,354,564
11605030766.29.jpeg,800,600,yellow,160,514,180,555
11605030766.29.jpeg,800,600,yellow,227,517,246,555
11605030766.29.jpeg,800,600,yellow,293,517,313,558
21605157439.74.jpeg,800,600,green,143,316,192,424
21605157439.74.jpeg,800,600,green,356,323,403,430
21605157439.74.jpeg,800,600,green,562,334,607,437
01605030700.36.jpeg,800,600,red,57,161,154,323
01605030700.36.jpeg,800,600,red,365,165,456,328
01605030700.36.jpeg,800,600,red,681,165,771,335
21605030949.5.jpeg,800,600,green,33,205,100,349
21605030949.5.jpeg,800,600,green,303,218,375,362
21605030949.5.jpeg,800,600,green,566,232,639,371
21605030755.91.jpeg,800,600,green,375,547,390,571
21605030755.91.jpeg,800,600,green,424,547,439,575
21605030755.91.jpeg,800,600,green,474,547,487,575
01605157234.15.jpeg,800,600,red,267,557,278,581
01605157234.15.jpeg,800,600,red,308,554,318,581
01605157234.15.jpeg,800,600,red,346,554,359,583
